MAE,RMSE,R2,MAPE,Training_Time
49.47605531855825,161.58793838853887,0.9812485556882586,38.516544159260796,133.84550404548645
